protocol,n_agents,n_measurements,witness_and_prove_ms,verify_ms,wall_total_ms,proof_serialized_bytes,public_serialized_bytes,prove_p95_ms
ed25519_disclosure,2,32,0.0885685,0.1777585,0.266246,64,259,0.1051033
ed25519_disclosure,4,32,0.088232,0.1820945,0.2702915,64,299,0.0989635
ed25519_disclosure,8,32,0.088527,0.1908345,0.2793625,64,380,0.10406345
groth16,2,32,299.316161,9.5004655,337.554780475,723,385,313.8805619
groth16,4,32,317.337442,11.3934245,359.336412512,723,386,325.77421335
groth16,8,32,445.2317875,12.366475,502.644187975,723,386,457.81055565
plonk,2,32,14200.5464545,11.5585925,14223.261597479,2098.5,385,14320.50959895
plonk,4,32,14257.0996925,11.497141,14281.815522525,2098.5,386,14340.60917875
plonk,8,32,14351.685587,11.316402,14383.277829009,2098.5,386,14434.54431745
