layout,method,deliveries_per_1000_steps,proposed_compliance_pct,action_replacements_per_episode
open,centralized_priority,159.342,83.984,0.000
open,consensus,92.253,90.869,40.125
open,distributed_consensus,23.763,7.357,579.875
open,global_ppo,95.931,90.544,38.767
open,market,121.419,90.934,0.000
open,pci,91.569,90.820,39.825
open,pci_shuffled,91.927,89.404,45.892
open,ppo_penalty,97.233,88.981,49.742
open,ppo_task,107.064,61.201,121.050
open,rule,32.064,8.154,632.042
staggered,centralized_priority,135.254,82.926,0.000
staggered,consensus,53.353,90.098,45.567
staggered,distributed_consensus,12.695,5.143,630.292
staggered,global_ppo,59.733,90.693,43.733
staggered,market,37.760,93.962,0.000
staggered,pci,51.009,92.090,36.542
staggered,pci_shuffled,51.823,91.289,38.650
staggered,ppo_penalty,57.878,90.579,44.900
staggered,ppo_task,69.271,47.646,211.200
staggered,rule,13.835,5.892,737.500
twodoors,centralized_priority,149.414,68.652,0.000
twodoors,consensus,64.974,92.396,35.608
twodoors,distributed_consensus,13.184,6.217,672.417
twodoors,global_ppo,76.530,89.958,43.342
twodoors,market,91.146,80.306,0.000
twodoors,pci,66.016,91.641,36.942
twodoors,pci_shuffled,67.318,91.865,37.108
twodoors,ppo_penalty,71.940,90.804,43.133
twodoors,ppo_task,93.815,48.021,155.792
twodoors,rule,14.811,7.454,749.625
