layout,baseline,measure,difference,ci_low,ci_high
open,ppo_penalty,throughput,-5.664063,-7.096354,-3.873698
open,consensus,throughput,-0.683594,-4.396973,3.710937
open,pci_shuffled,throughput,-0.358073,-4.557292,3.841146
open,global_ppo,throughput,-4.361979,-7.063802,-1.367188
staggered,ppo_penalty,throughput,-6.868490,-14.225260,0.716146
staggered,consensus,throughput,-2.343750,-5.598958,2.343750
staggered,pci_shuffled,throughput,-0.813802,-7.812500,7.552083
staggered,global_ppo,throughput,-8.723958,-13.704427,-2.083333
twodoors,ppo_penalty,throughput,-5.924479,-11.848958,-1.595052
twodoors,consensus,throughput,1.041667,-4.654948,6.803385
twodoors,pci_shuffled,throughput,-1.302083,-6.868490,6.250000
twodoors,global_ppo,throughput,-10.514323,-13.151042,-7.877604
open,ppo_penalty,compliance,0.018392,0.000716,0.032682
open,consensus,compliance,-0.000488,-0.005534,0.005697
open,pci_shuffled,compliance,0.014160,0.000553,0.027770
open,global_ppo,compliance,0.002767,-0.013444,0.018457
staggered,ppo_penalty,compliance,0.015104,-0.006901,0.036556
staggered,consensus,compliance,0.019922,0.007813,0.033496
staggered,pci_shuffled,compliance,0.008008,-0.011393,0.024805
staggered,global_ppo,compliance,0.013965,-0.002507,0.034896
twodoors,ppo_penalty,compliance,0.008366,-0.011556,0.026855
twodoors,consensus,compliance,-0.007552,-0.021126,0.009538
twodoors,pci_shuffled,compliance,-0.002246,-0.018424,0.013932
twodoors,global_ppo,compliance,0.016829,0.008203,0.024414
