domain,layout,method,throughput,proposed_compliance,cost_rate
custom,open,penalty,88.932291666667,0.906119791667,0.042521158854
custom,open,consensus_norm,89.811197916667,0.895930989583,0.045841471354
custom,open,pci_norm,87.98828125,0.90615234375,0.042789713542
custom,open,random_norm,88.151041666667,0.907356770833,0.042456054688
custom,open,ppo_lagrangian,62.6953125,0.97255859375,0.013671875
custom,twodoors,penalty,69.270833333333,0.901627604167,0.046085611979
custom,twodoors,consensus_norm,65.91796875,0.90380859375,0.044759114583
custom,twodoors,pci_norm,61.848958333333,0.920442708333,0.036507161458
custom,twodoors,random_norm,63.802083333333,0.91201171875,0.040340169271
custom,twodoors,ppo_lagrangian,53.41796875,0.9580078125,0.019612630208
custom,staggered,penalty,58.138020833333,0.9033203125,0.045458984375
custom,staggered,consensus_norm,49.739583333333,0.905826822917,0.042325846354
custom,staggered,pci_norm,54.296875,0.911360677083,0.040877278646
custom,staggered,random_norm,51.139322916667,0.915104166667,0.040144856771
custom,staggered,ppo_lagrangian,35.3515625,0.972037760417,0.012565104167
rware,tiny,penalty,13.639322916667,0.99638671875,0.000903320313
rware,tiny,consensus_norm,11.1328125,0.99892578125,0.000268554688
rware,tiny,pci_norm,13.802083333333,0.99833984375,0.000415039063
rware,tiny,random_norm,12.141927083333,0.997981770833,0.000504557292
rware,tiny,ppo_lagrangian,15.071614583333,0.94375,0.014420572917
rware,small,penalty,8.723958333333,0.998990885417,0.000252278646
rware,small,consensus_norm,9.049479166667,0.998404947917,0.000398763021
rware,small,pci_norm,8.69140625,0.9943359375,0.001416015625
rware,small,random_norm,9.049479166667,0.998307291667,0.000423177083
rware,small,ppo_lagrangian,8.561197916667,0.93720703125,0.015934244792
