n_agents,protocol,n_paired_records,generation_ms,verification_ms,wall_total_ms
2,ed25519_disclosure,48,0.095775,0.181473,0.279112
2,groth16,48,296.071278,8.7209205,336.630056496
2,plonk,48,14265.7545955,11.593531,14286.821040529
4,ed25519_disclosure,48,0.0949665,0.1854415,0.2820835
4,groth16,48,316.5164715,9.3185515,361.814569012
4,plonk,48,14247.5651365,11.4621765,14270.353539032
8,ed25519_disclosure,48,0.095496,0.194915,0.2904035
8,groth16,48,450.41125,12.4424355,515.881946514
8,plonk,48,14364.069462,11.689718,14392.979037541
