domain,layout,baseline,metric,difference,ci_low,ci_high,n_pairs
custom,open,penalty,throughput,-0.944010416667,-7.25911458333,4.03645833333,5
custom,open,consensus_norm,throughput,-1.82291666667,-7.48697916667,4.4921875,5
custom,open,random_norm,throughput,-0.162760416667,-7.03125,5.82682291667,5
custom,open,ppo_lagrangian,throughput,25.29296875,14.2578125,33.7565104167,5
custom,twodoors,penalty,throughput,-7.421875,-16.89453125,0.618489583333,5
custom,twodoors,consensus_norm,throughput,-4.06901041667,-7.51953125,-0.944010416667,5
custom,twodoors,random_norm,throughput,-1.953125,-7.09635416667,3.19010416667,5
custom,twodoors,ppo_lagrangian,throughput,8.43098958333,2.27864583333,14.8763020833,5
custom,staggered,penalty,throughput,-3.84114583333,-11.3932291667,1.69270833333,5
custom,staggered,consensus_norm,throughput,4.55729166667,-1.72526041667,8.49609375,5
custom,staggered,random_norm,throughput,3.15755208333,-5.50130208333,9.60286458333,5
custom,staggered,ppo_lagrangian,throughput,18.9453125,11.6536458333,25.8138020833,5
rware,tiny,penalty,throughput,0.162760416667,-2.24609375,1.7578125,5
rware,tiny,consensus_norm,throughput,2.66927083333,1.7578125,3.58072916667,5
rware,tiny,random_norm,throughput,1.66015625,0.227864583333,3.3203125,5
rware,tiny,ppo_lagrangian,throughput,-1.26953125,-3.19010416667,0.846354166667,5
rware,small,penalty,throughput,-0.032552083333,-0.78125,0.716145833333,5
rware,small,consensus_norm,throughput,-0.358072916667,-1.46484375,0.748697916667,5
rware,small,random_norm,throughput,-0.358072916667,-1.79036458333,1.10677083333,5
rware,small,ppo_lagrangian,throughput,0.130208333333,-0.78125,0.846354166667,5
custom,open,penalty,proposed_compliance,3.2552083e-05,-0.03017578125,0.030240885417,5
custom,open,consensus_norm,proposed_compliance,0.010221354167,-0.020247395833,0.040690104167,5
custom,open,random_norm,proposed_compliance,-0.001204427083,-0.029264322917,0.027864583333,5
custom,open,ppo_lagrangian,proposed_compliance,-0.06640625,-0.08857421875,-0.04423828125,5
custom,twodoors,penalty,proposed_compliance,0.018815104167,-0.003385416667,0.045833333333,5
custom,twodoors,consensus_norm,proposed_compliance,0.016634114583,0.00146484375,0.027994791667,5
custom,twodoors,random_norm,proposed_compliance,0.008430989583,-0.006770833333,0.018717447917,5
custom,twodoors,ppo_lagrangian,proposed_compliance,-0.037565104167,-0.054557291667,-0.025944010417,5
custom,staggered,penalty,proposed_compliance,0.008040364583,-0.008365885417,0.024446614583,5
custom,staggered,consensus_norm,proposed_compliance,0.005533854167,-0.010579427083,0.022428385417,5
custom,staggered,random_norm,proposed_compliance,-0.003743489583,-0.025390625,0.0302734375,5
custom,staggered,ppo_lagrangian,proposed_compliance,-0.060677083333,-0.075260416667,-0.044661458333,5
rware,tiny,penalty,proposed_compliance,0.001953125,0.000423177083,0.003645833333,5
rware,tiny,consensus_norm,proposed_compliance,-0.0005859375,-0.001139322917,3.2552083e-05,5
rware,tiny,random_norm,proposed_compliance,0.000358072917,-0.0001953125,0.001171875,5
rware,tiny,ppo_lagrangian,proposed_compliance,0.05458984375,0.031184895833,0.080110677083,5
rware,small,penalty,proposed_compliance,-0.004654947917,-0.011458333333,-3.2552083e-05,5
rware,small,consensus_norm,proposed_compliance,-0.004069010417,-0.010872395833,0.000325520833,5
rware,small,random_norm,proposed_compliance,-0.003971354167,-0.01083984375,0.000423177083,5
rware,small,ppo_lagrangian,proposed_compliance,0.05712890625,0.038248697917,0.072721354167,5
